host_ID,module
T3_2,1
T3_4,1
T3_6,1
T3_7,1
T3_8,1
T3_10,1
T3_11,1
T3_12,1
T3_13,1
T3_9,1
T3_3,1
T3_5,1
T3_1,1
T9_7,1
T9_3,1
T6_1,1
T6_2,1
T6_5,1
T6_6,1
T6_8,1
T6_10,1
T6_12,1
T9_9,1
T6_3,1
T6_4,1
T6_7,1
T6_9,1
T6_11,1
T6_13,1
T9_1,1
T9_2,1
T9_4,1
T9_5,1
T9_6,1
T9_8,1
T9_10,1
T9_11,1
T9_12,1
T9_13,1
T12_9,2
T12_10,2
T12_2,2
T12_3,2
T12_5,2
T12_6,2
T12_7,2
T12_8,2
T12_12,2
T12_13,2
T12_4,2
T12_1,2
T15_18,2
T15_9,2
T15_13,2
T15_21,2
T15_8,2
T15_20,2
T15_5,2
T15_16,2
T15_4,2
T15_12,2
T15_22,2
T15_25,2
T21_5,2
T15_1,2
T15_2,2
T15_10,2
T15_11,2
T15_19,2
T15_23,2
T15_24,2
T15_6,2
T21_2,2
T15_15,2
T15_3,3
T15_14,3
T18_9,3
T18_17,3
T18_19,3
T18_25,3
T18_21,3
T18_22,3
T15_7,3
T18_2,3
T18_3,3
T18_4,3
T18_6,3
T18_7,3
T18_15,3
T18_1,3
T18_24,3
T18_11,3
T18_12,3
T18_16,3
T18_18,3
T18_8,3
T18_13,3
T18_23,3
T18_10,3
T18_20,3
T18_26,3
T18_14,3
T12_11,4
T15_17,4
T18_5,4
T21_1,4
T21_3,4
T21_4,4
T21_6,4
T21_7,4
T21_8,4
T21_9,4
T21_10,4
T21_11,4
T21_12,4
T21_13,4
T21_14,4
T21_15,4
T21_16,4
T21_17,4
T21_18,4
T21_19,4
T21_20,4
T21_21,4
T21_22,4
T21_23,4
T21_24,4
T21_25,4
